Region,Predicted_PM2.5
Central Ludhiana,57.46018828819578
North Ludhiana,61.14288587939188
South Ludhiana,62.870730040818344
East Ludhiana,59.93607251898658
West Ludhiana,66.02554055030551
