Region,Total_FIRs,Avg_Crime_Rate,Avg_PM2.5,Avg_PM10,Avg_NO2,Avg_SO2,Avg_CO,Avg_O3,Avg_Population_Density,Avg_Smoking_Prevalence,Avg_Industrial_Activity,Total_Accidents,Avg_Survival_Rate,Avg_Lung_Disease_Probability
Central Ludhiana,2133,0.05201852415803551,66.17183614330193,97.7908363136146,34.15643751935688,22.02297199230651,1.1955857384078608,51.8915337563694,13324.755550765423,19.785237238099125,5.193135554652622,1478,92.1289032809097,36.38516971516848
East Ludhiana,2542,0.056397186694455086,58.64287852544827,100.04471496730629,37.61513077150654,23.67703752391125,1.136143172561953,49.271958141136125,15232.669381151973,19.36193276977524,4.91152000514734,1492,92.54940741931964,35.414040653041845
North Ludhiana,2430,0.052178877176833345,61.28928910680115,99.77915419335477,32.93327137304004,21.19019545429619,1.2535012967512011,50.523126165615395,14109.12048239261,20.15916883042082,5.0323676184518265,1583,91.1015326462686,36.263980872406314
South Ludhiana,2705,0.05237453706596759,57.198533049839384,99.83897232907076,37.135178287098114,22.623329002538004,1.2797870855874327,52.33200631022234,14591.499825154304,20.10990262597653,4.669416990683541,1354,92.26541116990357,35.990788210256
West Ludhiana,2595,0.05457356382538017,59.13219874834313,101.75440188237083,36.532409535538335,23.19512305693363,1.2541034778114408,50.065569076002305,15272.727757098846,19.914566995576024,4.443044471508805,1579,91.74722123598283,36.127331772176014
