Region,Predicted_Survival_Rate
Central Ludhiana,88.66160751029845
North Ludhiana,82.76712331419456
South Ludhiana,91.8999958787156
East Ludhiana,92.52234709401355
West Ludhiana,90.27110211010746
